City_ID,City,Country,Max Temp,Lat,Lng,Hotel Name
0,Abu Samrah,SY,76.1,35.3029,37.1841,
1,Chifeng,CN,84.74,42.2683,118.9636,Junyu Tiancheng Hotel
3,Atuona,PF,78.46,-9.8,-139.0333,Villa Enata
7,Maragogi,BR,73.92,-9.0122,-35.2225,Salinas do Maragogi All Inclusive Resort
8,Busselton,AU,64.04,-33.65,115.3333,Observatory Guest House
10,Acari,PE,64.38,-15.4311,-74.6158,HOSPEDAJE XIMENA
12,Vilyuysk,RU,74.86,63.7553,121.6247,Gostinitsa Viliuisk
13,Albany,US,72.18,42.6001,-73.9662,
15,Bambous Virieux,MU,70.05,-20.3428,57.7575,Casa Tia Villa
16,Jamestown,US,72.72,42.097,-79.2353,Hampton Inn & Suites Jamestown
18,Vaini,TO,77.16,-21.2,-175.2,Keleti Beach Resort
19,Wisconsin Rapids,US,71.53,44.3836,-89.8174,Hotel Mead & Conference Center
20,Sibolga,ID,86.32,1.7427,98.7792,Hotel Syariah CN Darussalam
21,Buala,SB,79.34,-8.145,159.5921,Maringe Lagoon Lodge
23,Saint George,US,83.62,37.1041,-113.5841,Best Western Plus Abbey Inn
26,Bethel,US,72.75,41.3712,-73.414,Courtyard by Marriott Danbury
27,Kapaa,US,84.18,22.0752,-159.319,Sheraton Kauai Coconut Beach Resort
29,San Pedro,PH,79.83,14.35,121.0167,Villa Veronica Resort Private Pool
30,Cayhagan,PH,84.47,9.6697,122.4256,Melrose Beach Resort
32,Kidal,ML,82.76,18.4411,1.4078,
33,Wanning,CN,84.92,18.8003,110.3967,Paradise Hotel
35,Surt,LY,77.85,31.2089,16.5887,ÿßŸÑŸáÿßÿØŸä ÿßÿ®Ÿàÿ¥ÿπÿßŸÑŸá ÿ≥ÿ±ÿ™
41,Sola,VU,86.67,-13.8833,167.55,Leumerus Bungalows
43,Meylan,FR,69.3,45.2199,5.7901,premiere classe
44,Saskylakh,RU,70.43,71.9167,114.0833,
46,Chandla,IN,81.12,25.0833,80.2,Rest House
47,Puerto Ayora,EC,71.55,-0.7393,-90.3518,Finch Bay Galapagos Hotel
48,Preobrazheniye,RU,83.14,42.9019,133.9064,Campsite Orlan
50,Yarada,IN,82.72,17.65,83.2667,Jeevan
52,Pokrovskoye,RU,72.19,47.4157,38.8971,–¢–∏—Ö–∏–π —É–≥–æ–ª–æ–∫
53,Auki,SB,84.16,-8.7676,160.7034,Auki Motel
54,Butaritari,KI,82.38,3.0707,172.7902,Isles Sunset Lodge
55,Mahebourg,MU,70.09,-20.4081,57.7,Shandrani Beachcomber Resort & Spa
57,Beyneu,KZ,84.31,45.3167,55.2,NUR
59,Rikitea,PF,69.55,-23.1203,-134.9692,People ThankYou
60,Ribeira Grande,PT,69.24,38.5167,-28.7,Quinta da Meia Eira
62,Harper,LR,74.7,4.375,-7.7169,Screensaver
63,The Valley,AI,82.26,18.217,-63.0578,CeBlue Villas & Beach Resort
66,Bandarbeyla,SO,81.93,9.4942,50.8122,JABIR HOTEL
67,Amazar,RU,64.45,53.858,120.875,–ì–æ—Å—Ç–∏–Ω–∏—á–Ω—ã–π –ö–æ–º–ø–ª–µ–∫—Å –£—é—Ç
68,Namibe,AO,67.17,-15.1961,12.1522,Hotel Chik Chik Namibe
70,Vao,NC,72.45,-22.6667,167.4833,Hotel Kou-Bugny
72,Cam Ranh,VN,94.96,11.9214,109.1591,OYO 598 Peony Hotel
73,Katherine,AU,89.92,-14.4667,132.2667,Pine Tree Motel
74,Kavaratti,IN,81.97,10.5669,72.642,Hotels in Lakshadweep Islands
75,Nishihara,JP,87.46,26.1842,127.7558,Minshuku Agaihama
76,Aktau,KZ,82.83,43.65,51.2,Silk Way Hotel
77,Tura,IN,83.03,25.5198,90.2201,Hotel RIKMAN Continental
78,Villa Bruzual,VE,73.18,9.3328,-69.1208,Edificio Guarente
82,Adrar,MR,88.21,20.5022,-10.0711,
85,Mae Sai,TH,82.44,20.4335,99.8762,Piyaporn Hill Paradise Hotel
86,Luwuk,ID,84.65,-0.9516,122.7875,Hotel Santika Luwuk
87,Naze,JP,81.52,28.3667,129.4833,Â•ÑÁæé„Éù„Éº„Éà„Çø„ÉØ„Éº„Éõ„ÉÜ„É´
90,Kodinsk,RU,85.42,58.6881,99.1844,
91,Shingu,JP,85.19,33.7333,135.9833,Shingu UI Hotel
92,Lompoc,US,67.01,34.6391,-120.4579,"Holiday Inn Express Lompoc, an IHG Hotel"
93,Tricase,IT,65.55,39.9304,18.3553,Hotel Adriatico
95,Celestun,MX,79.83,20.8667,-90.4,Posada Lilia
100,Baruun-Urt,MN,76.08,46.6806,113.2792,–ê—Ö–º–∞–¥—ã–Ω –∞–º—Ä–∞–ª—Ç —Å—É–≤–∏–ª–∞–ª
101,Padang,ID,86.05,-0.9492,100.3543,Mercure Padang
102,Pokosnoye,RU,80.1,55.5258,101.0536,
106,Carnarvon,AU,68.07,-24.8667,113.6333,Hospitality Carnarvon
107,Hargeysa,SO,65.55,9.56,44.065,City Center Hotel
108,Norman Wells,CA,68.04,65.282,-126.8329,Heritage Hotel
111,Sorong,ID,85.8,-0.8833,131.25,waigo splash hotel
112,Salinas,US,66.22,36.6777,-121.6555,Laurel Inn & Conference Center
113,Katsuura,JP,91.51,35.1333,140.3,Katsuura Hotel Mikazuki
114,Ouricuri,BR,67.96,-7.8825,-40.0817,Sert√£o Pousada
115,Cockburn Town,TC,81.43,21.4612,-71.1419,Osprey Beach Hotel
116,Hilo,US,78.53,19.7297,-155.09,Hilo Hawaiian Hotel
117,Kununurra,AU,87.78,-15.7667,128.7333,Hotel Kununurra
118,San Policarpo,PH,91.31,12.1791,125.5072,JM Lodge
119,Bayanday,RU,73.96,53.0661,105.5139,Guesthouse Nika
120,Araouane,ML,87.48,18.9048,-3.5265,
121,Puerto Leguizamo,CO,69.78,-0.1934,-74.7819,la casona de juancho
123,Mount Isa,AU,71.37,-20.7333,139.5,ibis Styles Mt Isa Verona
124,Yichun,CN,83.28,47.7,128.9,Èî¶Ê±üÈÖíÂ∫ó
125,Sardhana,IN,90.66,29.15,77.6167,Satenderkumar
127,Ponta Do Sol,PT,72.72,32.6667,-17.1,Hotel do Campo
130,Georgetown,MY,89.55,5.4112,100.3354,Cititel Penang
131,Oblivskaya,RU,73.02,48.5362,42.5014,–ú–æ—Ç–µ–ª—å –ö–∞–ø—Ä–∏–∑
132,Sinnamary,GF,77.25,5.3833,-52.95,ALETHEIA Appartement Sinnamary
133,Poco Verde,BR,64.18,-10.7083,-38.1833,Hotel Santa Cruz
134,Hithadhoo,MV,82.24,-0.6,73.0833,Scoop Guest House
138,Fairbanks,US,70.02,64.8378,-147.7164,Westmark Fairbanks Hotel & Conference Center
139,Soyo,AO,70.05,-6.1349,12.3689,Hotel Mpampa
140,Hervey Bay,AU,71.71,-25.2986,152.8535,Shelly Bay Resort
142,Airai,TL,78.08,-8.9266,125.4092,Juvinal Martin
145,Coahuayana,MX,79.45,18.7333,-103.6833,El rranchito michuacan de ocampos
146,Tateyama,JP,91.42,34.9833,139.8667,Tateyama Seaside Hotel
147,Gat,IL,77.92,31.61,34.7642,OlusHome
148,Los Llanos De Aridane,ES,67.75,28.6585,-17.9182,Valle Aridane
150,Half Moon Bay,US,71.53,37.4636,-122.4286,"The Ritz-Carlton, Half Moon Bay"
152,Jacareacanga,BR,76.08,-6.2222,-57.7528,Casa do Ianüòé
154,Kwinana,AU,67.8,-32.25,115.7667,Rockingham Apartments
157,Avarua,CK,77.05,-21.2078,-159.775,Paradise Inn
158,Basco,PH,83.17,20.4487,121.9702,Nathaniel's Lodge
159,Port Blair,IN,80.64,11.6667,92.75,"Welcomhotel By ITC Hotels, Bay Island, Port Blair"
161,Cabo San Lucas,MX,86.81,22.8909,-109.9124,Hotel Tesoro Los Cabos
162,Ndele,CF,68.5,8.4109,20.6473,
163,Mayumba,GA,69.31,-3.432,10.6554,LIKWALE LODGE
164,Vechelde,DE,65.71,52.2604,10.3649,Hotel Dornberg
165,Fukue,JP,80.96,32.6881,128.8419,Goto Guesthouse Utojuku & SA Car Rental
167,Qixingtai,CN,88.05,30.4135,111.8874,Sunny Hotel
171,Hamilton,US,79.03,39.1834,-84.5333,Six Acres Bed & Breakfast
172,Saint-Philippe,RE,67.59,-21.3585,55.7679,"Chambres d'h√¥te ""La Trinit√©"""
173,Souillac,MU,70.18,-20.5167,57.5167,Shanti Maurice Resort & Spa
174,Presidente Epitacio,BR,64.8,-21.7633,-52.1156,Hotel Itaver√°
175,Poum,NC,74.41,-20.2333,164.0167,G√Æte kajeon
177,Porto Walter,BR,70.32,-8.2686,-72.7439,Secretaria de sa√∫de
178,Ergani,TR,66.92,38.2653,39.7621,Serkan Hotel
179,Kudahuvadhoo,MV,81.95,2.6708,72.8944,Niyama Private Islands Maldives
184,Tabou,CI,74.53,4.423,-7.3528,hot√™l doufoulougou
185,Arraial Do Cabo,BR,69.24,-22.9661,-42.0278,Pousada Porto Praia
186,Katangli,RU,76.19,51.7102,143.2326,
187,Guinticgan,PH,87.6,11.5641,123.1236,Jeanette Resort Carles Iloilo B&B
188,Sao Joao Da Barra,BR,68.04,-21.6403,-41.0511,Pousada Porto De Canoas
190,Edmond,US,86.9,35.6528,-97.4781,Hampton Inn Oklahoma City/Edmond
191,Goderich,CA,67.91,43.7501,-81.7165,Harmony Inn
193,Islamkot,PK,86.92,24.6997,70.177,Haji Hotel
195,Benguela,AO,67.33,-12.5763,13.4055,Hotel Praia Morena
196,Erdaojiang,CN,90.09,41.7764,126.0319,Tonggang Hotel
197,Hirara,JP,88.07,24.8,125.2833,Hotel Atoll Emerald Miyakojima
198,Babu,CN,92.12,24.4167,111.5167,IU Hotel Hezhou Bus Terminal
199,Zhigansk,RU,68.29,66.7697,123.3711,Gostinichnyy Kompleks Aylgy
200,Grants Pass,US,92.71,42.439,-123.3284,La Quinta Inn & Suites by Wyndham Grants Pass
201,Yongan,CN,81.77,39.6957,113.6871,Beiyue International Hotel
202,Najran,SA,77.65,17.4924,44.1277,ŸÖÿ≠ŸÖÿØ ŸáÿßÿØŸä ÿßŸÑ ŸÅÿ∑Ÿäÿ≠
205,Charters Towers,AU,76.62,-20.1,146.2667,Cattleman's Rest Motor Inn
206,Sao Felix Do Xingu,BR,70.77,-6.6447,-51.995,Rio Xingu Camping
208,Baglung,NP,78.26,28.2719,83.5898,"Hotel Peace Palace, Baglung, Nepal"
209,Touros,BR,72.5,-5.1989,-35.4608,INN NEW HORIZON
210,Acapulco,MX,81.14,16.8634,-99.8901,HS Hotsson Smart Acapulco
214,Statesville,US,78.19,35.7826,-80.8873,Courtyard by Marriott Statesville Mooresville/Lake Norman
215,Boca Do Acre,BR,74.16,-8.7522,-67.3978,Hotel Sao Pedro
216,Salalah,OM,76.89,17.0151,54.0924,HAMDAN PLAZA HOTEL SALALAH
219,Pacific Grove,US,65.8,36.6177,-121.9166,Lovers Point Inn
220,Fujin,CN,94.55,47.26,132.0322,Xilong Hotel Fujin Shop
223,Dhidhdhoo,MV,77.07,6.8833,73.1,Dhidhoo beach
224,Birjand,IR,82.87,32.8663,59.2211,Birjand Tourist Hotel
226,Uvira,CD,70.03,-3.4067,29.1458,Hotel Suzana
227,Hambantota,LK,84.54,6.1241,81.1185,Bungalow 63
228,Basqal,AZ,71.92,40.7552,48.391,Ermek Ailevi Istirahet Mekani
230,Terrasini,IT,79.21,38.146,13.0844,Florio Park Hotel
232,Malindi,KE,75.45,-3.2175,40.1191,African House Resort
233,Kahului,US,85.26,20.8947,-156.47,Maui Seaside Hotel
234,Sawakin,SD,88.27,19.1059,37.3321,ŸÅŸÜÿØŸÇ ÿßŸÑÿØŸàŸäŸÖ
235,Nouadhibou,MR,68.76,20.931,-17.0347,El Medina
237,Cayenne,GF,78.1,4.9333,-52.3333,H√¥tel Le Dronmi
238,Dingle,PH,87.87,10.9995,122.6711,SEGAYA PROPERTY
240,Udachnyy,RU,81.9,66.4167,112.4,Severnoye Siyaniye
241,Sangar,RU,79.11,63.9242,127.4739,
242,Athabasca,CA,69.62,54.7169,-113.2854,Athabasca Lodge Motel
243,Peniche,PT,67.48,39.3558,-9.3811,Hotel Star inn Peniche
244,Terekli-Mekteb,RU,77.94,44.1671,45.8698,"Gostevoy Dvor ""U Gul'zary"""
245,Zhangye,CN,78.87,38.9342,100.4517,Zhangye Lvzhou Holiday Inn
248,Central Point,US,90.43,42.376,-122.9164,Courtyard by Marriott Medford Airport
250,Man,CI,69.71,7.4125,-7.5538,Sodetherm Hotel les Cascades Ma
251,Verkhnevilyuysk,RU,74.79,63.4453,120.3167,Gostinitsa Mila
252,Miles City,US,78.51,46.4083,-105.8406,FairBridge Inn & Suites Miles City
253,Saint-Pierre,RE,67.68,-21.3393,55.4781,Lindsey H√¥tel
254,Mareeba,AU,81.32,-17.0,145.4333,Trinity Plains Tourist Park
255,Jumla,NP,74.71,29.2747,82.1838,"‡§Ö‡§®‡•ç‡§®‡•Ä ‡§ò‡§∞, ‡§ú‡•Å‡§Æ‡•ç‡§≤‡§æ - Anni Ghar"
256,Mitsamiouli,KM,75.4,-11.3847,43.2844,Foyer ADM
258,Jaru,BR,76.66,-10.4389,-62.4664,Hotel Paran√°
260,Camopi,GF,70.54,3.1655,-52.3158,
263,Vanimo,PG,72.73,-2.6741,141.3028,Vahmoneh Lodge Vanimo
264,Zabaykalsk,RU,71.6,49.6333,117.3167,Zheleznyy Mir
271,Vidim,RU,81.79,56.4088,103.1106,
272,Yankton,US,77.25,42.8711,-97.3973,"Holiday Inn Express & Suites Yankton, an IHG Hotel"
273,Kropotkin,RU,74.12,45.4375,40.5756,Hotel Europe Kropotkin
275,Russell,US,80.31,32.3502,-85.1999,Macs
276,Sarangani,PH,84.67,5.4033,125.4636,Ballistic Islet
277,Aklavik,CA,72.43,68.2191,-135.0107,Aklavik Inn
279,Umm Kaddadah,SD,80.49,13.6017,26.6876,
282,Hasaki,JP,93.29,35.7333,140.8333,Hotel Sunrise Choshi
285,Guangyuan,CN,84.16,32.442,105.823,Guangyuan Poetry Hotel
287,Morondava,MG,68.76,-20.2833,44.2833,La Case Bambou
290,Jasper,US,80.82,37.2001,-94.3502,Guest House Motel
292,Yaan,NG,69.19,7.3833,8.5667,
293,Almeirim,BR,73.72,-1.5233,-52.5817,Ric√°cio Hotel
294,Leh,IN,73.2,34.1667,77.5833,Hotel Ladakh Greens
295,Gamba,GA,70.09,-2.65,10.0,
297,Kijang,KR,89.33,35.2442,129.2139,Samyang Beach Villa
298,Mecca,SA,85.78,21.4267,39.8261,"Makkah Clock Royal Tower, A Fairmont Hotel"
300,Mandal,IN,84.94,25.45,74.5667,‡§™‡•Ä‡§™‡•Ä ‡§µ‡§æ‡§≤‡•á ‡§π‡§®‡•Å‡§Æ‡§æ‡§® ‡§ú‡•Ä
301,Nipawin,CA,69.84,53.3668,-104.0009,Tobin Lake Motel
302,Yining,CN,92.1,29.0361,114.5636,Xiushui Hotel
303,Aquiraz,BR,79.21,-3.9014,-38.3911,Pousada Rua Camurupim
304,Leua,SK,68.5,48.2156,18.6071,Business Hotel ASTRUM Laus
305,Batabano,CU,80.73,22.7164,-82.2881,
308,Tombouctou,ML,86.99,20.0,-3.0,
310,Porangatu,BR,67.75,-13.4408,-49.1486,Wembley Park Hotel
311,Olinda,BR,71.33,-8.0089,-34.8553,Hotel Albergue de Olinda
312,Sungaipenuh,ID,81.68,-2.0833,101.3833,Hotel Jaya Wisata 2
314,Gwadar,PK,82.99,25.1216,62.3254,Sadaf Resort
315,Las Cruces,US,80.71,32.3123,-106.7783,Days End Lodge
316,Taoudenni,ML,94.37,22.6783,-3.9836,
317,Nagato,JP,85.95,34.3833,131.2,„ÅÑ„Åù„ÅÜÂ∫µ
319,Geraldton,AU,66.61,-28.7667,114.6,Broadwater Mariner Resort
320,Havelock,US,78.93,34.8791,-76.9013,Sherwood Motel
321,Ijuin,JP,84.31,31.6167,130.4,Hotel AZ Kagoshima Ij≈´in
325,Jega,NG,76.3,12.2175,4.3792,ALH. Nasiru Ibrahim
327,Kipini,KE,77.29,-2.5257,40.5262,Delta Sea Mall
328,Bam,IR,93.65,29.106,58.357,Bam Tourist Hotel
329,Marawi,PH,84.96,7.9986,124.2928,Derogongan Residence
330,San Patricio,US,84.06,28.017,-97.5169,"Motel 6 Sinton, TX"
332,Luis Correia,BR,74.95,-2.8792,-41.6669,Hotel Amarra√ß√£o
334,Guerrero Negro,MX,68.76,27.9769,-114.0611,"Casa Laguna, Bed & Breakfast"
335,Hobyo,SO,77.49,5.3505,48.5268,Halane Hotel and Restaurent
338,Bara,NG,70.11,10.3744,10.7288,
340,Pangoa,PE,67.59,-12.1167,-73.0,
341,Ariquemes,BR,79.02,-9.9133,-63.0408,Hotel Sol Nascente - Ariquemes - RO
342,San Quintin,MX,68.2,30.4833,-115.95,Don Eddie's Sport Fishing Center
343,Kindu,CD,74.35,-2.95,25.95,R√©sidence Okanda
344,Cairns,AU,85.95,-16.9167,145.7667,Mantra Trilogy Cairns
345,Banjar,ID,82.26,-8.19,114.9675,The Hamsa Resort
346,Oriximina,BR,79.2,-1.7656,-55.8661,Pousada Tia Am√©lia
347,Laguna,US,91.24,38.421,-121.4238,"Holiday Inn Express & Suites Elk Grove Central - Hwy 99, an IHG Hotel"
351,Aripuana,BR,74.34,-9.1667,-60.6333,
353,Luganville,VU,81.3,-15.5333,167.1667,The Espiritu Hotel
354,Faanui,PF,78.8,-16.4833,-151.75,Bora-Bora Pearl Beach Resort & Spa
355,Jabinyanah,TN,76.8,35.035,10.9081,maison belmabrouk
356,Sibay,RU,68.76,52.7181,58.6658,Hotel Tatiana
357,Natal,BR,73.62,-5.795,-35.2094,Villa Park Hotel | Natal
358,Hayden,US,84.09,47.766,-116.7866,Triple Play Resort Hotel & Suites
359,Axim,GH,74.16,4.8699,-2.2405,AXIM BEACH RESORT AND SPA
362,Bulgan,MN,67.48,48.8125,103.5347,Unitel –ë—É–ª–≥–∞–Ω —Å–∞–ª–±–∞—Ä
363,Grand-Santi,GF,72.64,4.25,-54.3833,Hotel La Villa Couacou
364,Uruzgan,AF,87.12,32.8333,66.0,
365,Garowe,SO,74.37,8.4054,48.4845,Curubo Hotel
366,Nador,MA,80.85,35.174,-2.9287,H√¥tel La Giralda
368,Kalmunai,LK,85.68,7.4167,81.8167,VS Villa
369,Meulaboh,ID,85.01,4.1363,96.1285,Kost Pria
371,Vilanova Del Cami,ES,74.59,41.5717,1.6375,Hotel Am√©rica
372,Bathsheba,BB,80.6,13.2167,-59.5167,Atlantis Hotel
373,San Jose,US,73.71,37.3394,-121.895,The Westin San Jose
374,Kimbe,PG,84.15,-5.5502,150.1429,Kimbe Bay Hotel
375,Portland,US,81.86,45.5234,-122.6762,Embassy Suites by Hilton Portland Downtown
377,Billings,US,79.5,45.7833,-108.5007,Best Western Plus Clocktower Inn
378,Mountain Home,US,79.79,43.133,-115.6912,Mountain Home Inn
380,Tres Lagoas,BR,66.22,-20.7511,-51.6783,Druds Express Hotel
381,Merauke,ID,77.38,-8.4667,140.3333,
382,Dakar,SN,77.88,14.6937,-17.4441,Redface Studios Meubl√©s
383,Matara,LK,82.83,5.9485,80.5353,Amaloh Boutique Resort
384,Fuling,CN,89.42,29.7022,107.3919,Yingbin Hostel
385,Shangrao,CN,85.84,28.4532,117.9686,Boyue boutique Hotel
386,Aksu,CN,92.48,41.1231,80.2644,Pudong Holiday Hotel
387,Birao,CF,69.66,10.2849,22.7882,
388,Santa Isabel,BR,65.66,-23.3156,-46.2214,Ch√°cara Sombra do Alt√≠ssimo
389,Woodward,US,81.73,36.4337,-99.3904,"Holiday Inn Express & Suites Woodward Hwy 270, an IHG Hotel"
390,Puerto Del Rosario,ES,71.35,28.5004,-13.8627,Hotel JM Puerto del Rosario
391,Mul,IN,83.32,20.0667,79.6667,Taj Mahal
393,Erzin,TR,76.01,36.9559,36.2,Artemis Otel
394,College,US,70.0,64.8569,-147.8028,Pike's Waterfront Lodge
395,Bac Giang,VN,89.67,21.2667,106.2,An Binh Hotel 2
397,Sur,OM,91.56,22.5667,59.5289,Sur Plaza Hotel
398,Ponta Delgada,PT,70.52,37.7333,-25.6667,Vila Nova Hotel
399,Takoradi,GH,73.17,4.8845,-1.7554,Raybow International Hotel
400,Buriti Dos Lopes,BR,70.84,-3.175,-41.8669,Pousada Alves
401,Juba,SS,68.18,4.8517,31.5825,ROYAL PALACE HOTEL - JUBA
403,Presidencia Roque Saenz Pena,AR,78.6,-26.7852,-60.4388,Hotel Gualok
410,Rock Sound,BS,81.84,24.9,-76.2,Rock Sound Club
412,Constantine,DZ,83.61,36.365,6.6147,Grand Hotel Cirta
414,Soto La Marina,MX,76.77,23.7667,-98.2167,Hotel Chicago
415,Dombarovskiy,RU,73.22,50.7587,59.5386,
416,Novikovo,RU,64.38,51.1537,37.8879,
418,Santa Cruz,BO,69.26,-17.8,-63.1667,Aviador Hotel Boutique
419,Alofi,NU,82.29,-19.0595,-169.9187,Taloa Heights
422,Coswig,DE,71.67,51.1333,13.5833,Landhotel Gut Wildberg
425,Lorengau,PG,84.0,-2.0226,147.2712,Lorengau Harbourside Hotel
428,Monrovia,LR,76.57,6.3005,-10.7969,Sunset Inn
430,Zarinsk,RU,76.66,53.7074,84.9493,Uyt Inn
431,Banda Aceh,ID,86.85,5.5577,95.3222,Sulthan Hotel International
432,Mokhsogollokh,RU,77.27,61.4681,128.9203,
435,San Fernando,PH,80.69,15.0286,120.6898,Maharlika Hostel
437,Wufeng,CN,71.02,27.45,104.8333,‰∏≠Â±±ÂÆæÈ¶Ü
439,Awbari,LY,75.43,26.5921,12.7805,ŸÅŸÜÿØŸÇ ÿ£Ÿàÿ®ÿßÿ±Ÿä
441,Srednekolymsk,RU,64.92,67.45,153.6833,
443,Saint-Leu,RE,67.06,-21.15,55.2833,La Caz Oceane
444,Umm Lajj,SA,85.37,25.0213,37.2685,Moon light Furnished Units
446,Mogadishu,SO,76.35,2.0371,45.3438,Hotel Juba
447,Petropavlovsk-Kamchatskiy,RU,72.19,53.0452,158.6483,The Hotel Petropavlovsky
450,Kharhial,IN,83.46,20.2833,82.7667,Jeevan Chhaya
451,Sao Filipe,CV,73.17,14.8961,-24.4956,Hotel Xaguate
452,Bubaque,GW,78.1,11.2833,-15.8333,"Casa Dora, Bubaque"
454,Biak,ID,81.79,-0.9131,122.8766,Penginapan Kim
458,Kloulklubed,PW,84.78,7.0419,134.2556,Storyboard Beach Resort
459,Fountain,US,72.73,38.6822,-104.7008,Colorado Springs KOA Holiday
460,Kashi,CN,87.01,39.4547,75.9797,Â∏ïÁ±≥Â∞îÈùíÂπ¥ÊóÖËàç
461,Mampong,GH,66.69,7.0627,-1.4001,Adom Upscale Hotel
465,Bonthe,SL,76.05,7.5264,-12.505,Bonthe Holiday Village
467,Manado,ID,93.97,1.487,124.8455,Aryaduta Hotel
468,Las Palmas,ES,68.79,28.4204,-14.0131,Casillas De Morales 59.
469,Mao,ES,77.56,39.8885,4.2658,ARTIEM Capri
470,Huainan,CN,86.54,32.6264,116.9969,GME Huainan Tianjiaan District Chaoyang East Road Hotel
472,Pitimbu,BR,70.39,-7.4706,-34.8086,Reserva do Abia√≠
473,San Cristobal,VE,66.81,7.7669,-72.225,Posada Villaven C.A.
474,Boralday,KZ,91.96,43.3578,76.8594,"Zhetysu, Too Zhetysu"
475,Kieta,PG,79.14,-6.2167,155.6333,Uruna Bay Retreat
476,Arlit,NE,91.6,18.7369,7.3853,Case de Passage De la Prefecture
478,Isangel,VU,86.11,-19.55,169.2667,Tanna Lodge
481,Diu,IN,83.21,20.7141,70.9822,Hotel Relax Inn
484,Acajutla,SV,83.8,13.5928,-89.8275,asi es
485,Victoria,HK,94.96,22.2855,114.1577,Mini Hotel Central
486,Lagoa,PT,68.13,39.05,-27.9833,Casa Das Faias
489,Fort Nelson,CA,72.99,58.8053,-122.7002,The Fort Nelson Hotel
491,Bainbridge,US,75.07,47.6262,-122.5212,Bainbridge Island Country Inn
492,Anilao,PH,86.72,12.714,121.5124,Anilao Eco Park
493,Erenhot,CN,67.05,43.6475,111.9767,Erenhot Rurouni Youth Hostel
494,Taganak,PH,89.74,6.0833,118.3,Taganak
496,Kyaikto,MM,83.86,17.3,97.0167,·Äî·ÄÆ·Äú·Ä¨ ·Äê·Ää·Ä∫·Ä∏·ÄÅ·Ä≠·ÄØ·ÄÅ·Äî·Ä∫·Ä∏
499,Midland,US,86.68,31.9974,-102.0779,DoubleTree by Hilton Hotel Midland Plaza
500,Springdale,US,82.31,36.1867,-94.1288,Springdale Inn
501,Mbandaka,CD,72.27,0.0487,18.2603,Guest House Epervier
502,Bulaevo,KZ,73.78,54.9056,70.4439,"–ò–≥—Ä–æ–≤–æ–π –∫–ª—É–± ""–î–û–ú –ò–ì–† Z"""
504,Roebourne,AU,78.89,-20.7833,117.1333,Latitude20 Roebourne Village
505,Campo Verde,BR,74.41,-20.4167,-54.0667,
506,Palmer,US,69.03,42.1584,-72.3287,Wedgewood Motel
507,Bokoro,TD,80.89,12.3807,17.0568,
510,Dossor,KZ,82.47,47.5272,52.9811,"Gostinitsa Orpk ""Nauryz"""
511,Sterling,US,76.86,39.0062,-77.4286,Hampton Inn & Suites Washington-Dulles International Airport
512,Omboue,GA,72.86,-1.5746,9.2618,Hotel Olako
513,Revelstoke,CA,77.02,50.9832,-118.2023,Best Western Plus Revelstoke
516,Boda,CF,67.17,4.3189,17.4695,
517,Quatre Cocos,MU,69.91,-20.2078,57.7625,Sunrise Attitude Hotel
519,Chabahar,IR,85.32,25.2919,60.643,Ÿáÿ™ŸÑ ⁄ØÿØÿ±Ÿàÿ¥€åÿß
520,El Alto,PE,64.09,-4.2714,-81.2147,Black Marlin Restaurant & Hospedaje
522,Mobaye,CF,68.52,4.319,21.1786,
523,Cap Malheureux,MU,70.29,-19.9842,57.6142,Pereybere Hotel & Spa
525,Luderitz,,64.87,-26.6481,15.1594,L√úDERITZ NEST HOTEL
526,Brufut,GM,78.89,13.3814,-16.7518,Sheraton Gambia Hotel Resort & Spa
527,Grand Gaube,MU,70.2,-20.0064,57.6608,Veranda Paul et Virginie Hotel & Spa
528,Nalut,LY,75.76,30.3333,10.85,
529,Chiesanuova,SM,75.22,43.9045,12.4214,Hotel Silvana
530,Filingue,NE,83.08,14.3521,3.3168,
531,Vicksburg,US,81.1,32.3526,-90.8779,La Quinta Inn & Suites by Wyndham Vicksburg
532,Praia Da Vitoria,PT,71.85,38.7333,-27.0667,Hotel Branco I
535,Meridian,US,83.52,43.6121,-116.3915,Courtyard by Marriott Boise West/Meridian
536,Nyaunglebin,MM,84.67,17.95,96.7333,Royal Motel
540,Nicoya,CR,72.95,10.1483,-85.452,Guayacan Real
541,Pokhara,NP,78.53,28.2333,83.9833,Butterfly Lodge
542,Texarkana,US,82.24,33.4251,-94.0477,"Holiday Inn Express & Suites Texarkana, an IHG Hotel"
544,Kavieng,PG,84.18,-2.5744,150.7967,Nusa Island Retreat
546,Saint-Joseph,RE,66.58,-21.3667,55.6167,"""Plantation Bed and Breakfast"
547,Maceio,BR,71.04,-9.6658,-35.7353,Poutur Pousada
550,Mangrol,IN,80.83,21.1167,70.1167,Hotel The Royal Honours
551,Orsk,RU,68.9,51.2049,58.5668,Kolizey
552,Sawtell,AU,69.19,-30.3833,153.1,Island Beach House Sawtell
553,Bilma,NE,86.54,18.6853,12.9164,Expeditions T√©n√©re voyages
555,Karakol,KG,80.35,42.4907,78.3936,"Gostinitsa ""Al'tamira"""
557,Yashkul,RU,80.85,46.1711,45.3435,Bon Voyazh
559,Morden,CA,73.26,49.1919,-98.1014,Morden Motor Inn
560,Kulhudhuffushi,MV,77.52,6.6221,73.07,Hondaafushi Island Resort
561,Genhe,CN,68.4,50.7833,121.5167,Companionship Hotel
563,Aleksandrov Gay,RU,71.62,50.147,48.5704,Gostinitsa I.p. Yes'kov A.v
565,Labuhan,ID,86.63,-6.8844,112.2051,PT PPI Lamongan Tambak C
567,Esil,KZ,70.81,51.9556,66.4042,Egorkino Hotel
568,Broome,US,73.71,42.2506,-75.833,Chenango Valley State Park
569,Nemuro,JP,84.63,43.3236,145.575,Hotel Nemuro Kaiyoutei
570,Santa Rosalia,MX,85.77,27.3167,-112.2833,Hotel Las Casitas Santa Rosalia
571,Mayor Pablo Lagerenza,PY,74.89,-19.9309,-60.7718,
572,Spirit River,CA,68.52,55.7833,-118.8361,Motel 49
574,Antalaha,MG,69.78,-14.9003,50.2788,Hotel Vitasoa
575,Umbauba,BR,66.94,-11.3833,-37.6578,Motel Calif√≥rnia
577,Thunder Bay,CA,69.78,48.4001,-89.3168,Victoria Inn Hotel and Convention Centre
578,Mbaiki,CF,67.95,3.8678,17.9892,
579,Turukhansk,RU,78.04,65.8167,87.9833,"–û–û–û ""–¢—É—Ä—É—Ö–∞–Ω—Å–∫–∞—è –ø—É—à–Ω–∏–Ω–∞"""
581,Andradina,BR,65.12,-20.8961,-51.3794,DELTA HOTEL
582,Ialibu,PG,70.43,-6.2821,143.9935,Eastwood Guesthouse
583,Palu,ID,92.1,-0.8917,119.8707,Hotel Santika Palu
584,Sarny,UA,65.16,51.338,26.6019,Luxury Square
586,Salaga,GH,75.11,8.5508,-0.5188,Bore Nada Guest House
588,Bima,ID,92.16,-8.4667,118.7167,Lambitu Hotel
589,Tumanyan,AM,66.45,40.9894,44.6586,Asha Hotel
590,Slonim,BY,64.47,53.0867,25.3219,Hostel on Brestskaya 107
591,Shetpe,KZ,81.55,44.1667,52.1167,Rtsm Shetpe Analog
593,Chulman,RU,67.08,56.8479,124.9104,Gostinitsa
594,Biltine,TD,77.81,14.5333,20.9167,H√¥tel Trois √âtoiles de Biltine
595,Sibut,CF,68.22,5.718,19.0739,
596,Caramay,PH,87.13,10.1815,119.236,Peace and Love Beach Club
598,Sattahip,TH,86.92,12.6664,100.9007,Pob Choke Residences ( ‡∏û‡∏ö‡πÇ‡∏ä‡∏Ñ‡πÄ‡∏£‡∏î‡∏ã‡∏¥‡πÄ‡∏î‡πâ‡∏ô‡∏ó‡πå )
599,Kenitra,MA,70.56,34.261,-6.5802,Bienvenue chez vous
600,Tenenkou,ML,82.62,14.4572,-4.9169,
601,Zima,RU,79.93,53.9202,102.0442,
603,Tambura,SS,66.0,5.6,27.4667,Rikito Lodge
604,Kamaishi,JP,88.75,39.2667,141.8833,Hotel Route Inn Kamaishi
605,Smirnykh,RU,93.56,49.75,142.8333,Tsentral'naya
607,Taua,BR,70.88,-5.9667,-40.3,FAZENDA IPARANA - Maria Luiza Uch√¥a Castelo
608,Ginda,IN,70.05,30.6945,78.4932,Bal uma sankar hotel and restaurant
609,Berlin,DE,70.99,52.5244,13.4105,Hotel Motel One Berlin-Hackescher Markt
610,Yerbogachen,RU,80.29,61.2767,108.0108,
612,Carauari,BR,73.67,-4.8828,-66.8958,Hotel Fellip
613,Kuandian,CN,86.32,40.7286,124.7847,Hi Inn Dandong Kuandian Ji Xian Garden
614,Yulara,AU,64.24,-25.2406,130.9889,Desert Gardens Hotel - Ayers Rock Resort
616,Zabid,YE,81.95,14.1951,43.3152,ÿØÿßÿ± ÿßŸÑÿ∂ŸäÿßŸÅÿ©
617,Chichihualco,MX,65.59,17.6833,-99.65,Hotel Casa Blanca
618,Emerald,AU,74.34,-23.5333,148.1667,The Irish Village
620,Harrisonville,US,84.34,38.6533,-94.3488,Americas Best Value Inn & Suites Harrisonville
623,Lloydminster,CA,67.68,53.2835,-110.0016,BCMInns - Lloydminster
628,Agadez,NE,82.71,19.75,10.25,
629,Bengkulu,ID,85.15,-3.8004,102.2655,Grage Hotel Bengkulu
632,Rio Brilhante,BR,67.75,-21.8019,-54.5464,Hotel Cattani
635,Shu,KZ,94.28,43.5983,73.7614,Shyngyzkhan
636,Quepos,CR,80.78,9.4236,-84.1652,Jungle Beach Hotel at Manuel Antonio
639,Atambua,ID,84.31,-9.1061,124.8925,Pastori 1 Jemaat Polycarpus
640,San Francisco,US,74.84,37.7749,-122.4194,The Clift Royal Sonesta Hotel
641,Tezu,IN,82.72,27.9167,96.1667,Circuit House
643,Manggar,ID,85.73,-2.8833,108.2667,Guest Hotel
644,Pedernales,DO,81.45,18.0384,-71.744,Hotel Costa Marina
646,Ballina,AU,69.98,-28.8667,153.5667,Ramada Hotel & Suites by Wyndham Ballina Byron
647,Stadskanaal,NL,64.94,52.9833,6.95,City Hotel Stadskanaal
648,Kerman,IR,69.66,30.2832,57.0788,Ÿáÿ™ŸÑ ÿ¢Ÿæÿßÿ±ÿ™ŸÖÿßŸÜ ÿ¢ÿ≥ÿßŸÖ
650,Semey,KZ,82.62,50.4111,80.2275,Grand Hotel Semey
651,Price,US,80.4,39.5994,-110.8107,National 9 - Price River Inn
652,Ganzhou,CN,90.95,28.8184,115.4327,Laotou Farm Restaurant Hostel
653,Barra Patuca,HN,79.18,15.8,-84.2833,
654,Nogliki,RU,76.35,51.8333,143.1667,"Hotel ""Nogliki"""
655,Wajid,SO,71.1,3.8093,43.2471,xamdihotelresturant114
656,Ontario,US,85.64,34.0633,-117.6509,American Inn
659,Tucupita,VE,74.46,9.0622,-62.051,Hotel Tucupita Su‚Äãite C.A.
660,Canavieiras,BR,68.68,-15.675,-38.9472,Bahiadomizil
661,Tual,ID,80.1,-5.6667,132.75,Grand Vilia Hotel
662,Karratha,AU,79.72,-20.7377,116.8463,ibis Styles Karratha
664,Bekobod,UZ,89.29,40.2208,69.2697,Metallurg
665,Yushan,CN,79.99,31.3776,120.9543,Swissotel Kunshan
666,Nyurba,RU,75.99,63.2842,118.3319,Gostinitsa Alrosa
667,Wuwei,CN,72.27,37.9281,102.6414,Thank Inn Chain Hotel gansu wuwei liangzhou district xiguan middle road
668,Hays,US,84.27,30.0502,-98.0336,Sinya on Lone Man Creek
675,Cabedelo,BR,70.47,-6.9811,-34.8339,Hotel Pigalle
676,Chisec,GT,72.97,15.8167,-90.2833,Hotel Estancia De La Virgen
677,Kaduqli,SD,72.07,11.0167,29.7167,ŸÅŸÜÿØŸÇ ÿßŸÑŸÑŸá ÿ¨ÿßÿ®Ÿà
678,Jian,CN,89.55,27.1172,114.9793,Luling International Hotel
680,Bom Jesus,BR,70.84,-9.0744,-44.3586,Hotel Bras√£o & Floricultura Bella Flor
683,Batagay-Alyta,RU,70.65,67.8006,130.4114,
686,Nautla,MX,79.32,20.2167,-96.7833,Casa Blanca
687,Walvis Bay,,67.15,-22.9575,14.5053,Oyster Box Guesthouse
688,Porto Novo,BJ,78.62,6.4965,2.6036,Tour Eiffel Hotel Benin
690,Yeppoon,AU,74.98,-23.1333,150.7333,Villa Mar Colina
691,Jalu,LY,75.2,29.0331,21.5482,ÿµÿßÿ≠ÿ®ÿ© ÿßŸÑŸÅÿÆÿßŸÖÿ©
692,Duma,CN,78.82,34.7653,108.135,Ê∞∏ÂØøÊúçÂä°Âå∫-ÂÆæÈ¶Ü
694,Caravelas,BR,70.29,-17.7125,-39.2481,Pousada dos Navegantes
696,Bemidji,US,71.91,47.4736,-94.8803,Hampton Inn & Suites Bemidji
697,San Antonio,US,85.1,29.4241,-98.4936,Drury Plaza Hotel San Antonio Riverwalk
699,Shimoda,JP,87.1,34.6667,138.95,Shimoda Tokyu Hotel
700,Manzhouli,CN,71.96,49.6,117.4333,Angala International Youth Hostel
702,Saint-Georges,GD,82.08,12.0564,-61.7485,Radisson Grenada Beach Resort
703,Fort Wellington,GY,78.76,6.4,-57.6,TE'AMO Entertainment Park
704,Choix,MX,80.15,26.7092,-108.3219,Hotel Montesclaros
705,Tondon,GN,72.59,10.3667,-13.35,
706,Campbell River,CA,77.38,50.0163,-125.2446,Ramada by Wyndham Campbell River
707,Bentiu,SS,71.8,9.2333,29.8333,Mandela h√¥tel
